{
	"taskDefinitionArn": "arn:aws:ecs:us-east-1:637423443220:task-definition/ecsdemo-frontend:2",
	"containerDefinitions": [
		{
			"name": "ecs-sample",
			"image": "637423443220.dkr.ecr.us-east-1.amazonaws.com/workshop-1-app1",
			"cpu": 512,
			"memory": 1024,
			"memoryReservation": 100,
			"portMappings": [
				{
					"name": "ecs-sample",
					"containerPort": 8000,
					"hostPort": 8000,
					"protocol": "tcp"
				}
			],
			"essential": true,
			"environment": [
				{
					"name": "HELLO_WORLD_TEXT",
					"value": "Raymond!"
				}
			],
			"mountPoints": [],
			"volumesFrom": [],
			"linuxParameters": {
				"initProcessEnabled": false
			},
			"startTimeout": 30,
			"stopTimeout": 120,
			"user": "0",
			"privileged": false,
			"readonlyRootFilesystem": false,
			"interactive": false,
			"pseudoTerminal": false,
			"logConfiguration": {
				"logDriver": "awslogs",
				"options": {
					"awslogs-group": "/aws/ecs/ecsdemo-frontend/ecs-sample",
					"awslogs-region": "us-east-1",
					"awslogs-stream-prefix": "ecs"
				}
			},
			"systemControls": []
		}
	],
	"family": "ecsdemo-frontend",
	"taskRoleArn": "arn:aws:iam::637423443220:role/ecsdemo-frontend-20240325090150646200000007",
	"executionRoleArn": "arn:aws:iam::637423443220:role/ecsdemo-frontend-20240325090150417900000005",
	"networkMode": "awsvpc",
	"revision": 2,
	"volumes": [],
	"status": "ACTIVE",
	"requiresAttributes": [
		{
			"name": "com.amazonaws.ecs.capability.logging-driver.awslogs"
		},
		{
			"name": "ecs.capability.execution-role-awslogs"
		},
		{
			"name": "com.amazonaws.ecs.capability.docker-remote-api.1.19"
		},
		{
			"name": "com.amazonaws.ecs.capability.docker-remote-api.1.17"
		},
		{
			"name": "com.amazonaws.ecs.capability.docker-remote-api.1.21"
		},
		{
			"name": "com.amazonaws.ecs.capability.task-iam-role"
		},
		{
			"name": "ecs.capability.container-ordering"
		},
		{
			"name": "com.amazonaws.ecs.capability.docker-remote-api.1.18"
		},
		{
			"name": "ecs.capability.task-eni"
		}
	],
	"placementConstraints": [],
	"compatibilities": ["EC2", "FARGATE"],
	"requiresCompatibilities": ["FARGATE"],
	"cpu": "1024",
	"memory": "4096",
	"runtimePlatform": {
		"cpuArchitecture": "X86_64",
		"operatingSystemFamily": "LINUX"
	},
	"registeredAt": "2024-03-13T12:17:26.810Z",
	"registeredBy": "arn:aws:iam::637423443220:user/terraform",
	"tags": []
}
